Vegetable,Form,RetailPrice,RetailPriceUnit,New York,Honolulu,San Francisco,Seattle,San Jose,Boston,Washington,San Diego,Los Angeles,Miami,Sacramento,Philadelphia,Chicago,New Orleans,Denver,Portland,Pittsburgh,Minneapolis,Atlanta,Colorado Springs,Spokane,Tampa,Nashville,Dallas,Baltimore,Columbus,Charlotte,Phoenix,Raleigh,Saint Louis,Omaha,Indianapolis,Orlando,Madison,Fort Worth,Las Vegas,Kansas City,Detroit,Salt Lake City,Tucson,Austin,Vancouver,Louisville,Houston,Cleveland,Wichita,Jacksonville,Albuquerque,San Antonio,Cincinnati
Acorn squash,Fresh,1.2136,100,1.2136,1.4587472,1.2148136,1.1565608,1.0898128,1.098308,1.0582592,0.9017048,0.9915112,0.9199088,0.9927248,1.0400552,0.9757344,0.9077728,0.934472,0.8932096,1.0085016,0.9842296,0.9696664,0.9077728,0.928404,0.9029184,0.9077728,0.8628696,0.9429672,0.8847144,0.9381128,0.8422384,0.9089864,0.8992776,0.8568016,0.8046168,0.8665104,0.8725784,0.8580152,0.770636,0.8750056,0.8822872,0.8046168,0.800976,0.7876264,0.7657816,0.8264616,0.7839856,0.8410248,0.8264616,0.782772,0.8118984,0.7318008,0.7354416
Artichoke,Fresh,2.4703,120.2,2.4703,2.9693006,2.4727703,2.3541959,2.2183294,2.2356215,2.1541016,1.8354329,2.0182351,1.8724874,2.0207054,2.1170471,1.9861212,1.8477844,1.902131,1.8181408,2.0528193,2.0034133,1.9737697,1.8477844,1.8897795,1.8379032,1.8477844,1.7563833,1.9194231,1.8008487,1.9095419,1.7143882,1.8502547,1.8304923,1.7440318,1.6378089,1.7637942,1.7761457,1.7465021,1.5686405,1.7810863,1.7959081,1.6378089,1.630398,1.6032247,1.5587593,1.6822743,1.5958138,1.7119179,1.6822743,1.5933435,1.6526307,1.4895909,1.4970018
Artichoke,Canned,3.4498,100.1,3.4498,4.1466596,3.4532498,3.2876594,3.0979204,3.122069,3.0082256,2.5632014,2.8184866,2.6149484,2.8219364,2.9564786,2.7736392,2.5804504,2.656346,2.5390528,2.8667838,2.7977878,2.7563902,2.5804504,2.639097,2.5666512,2.5804504,2.4528078,2.6804946,2.5149042,2.6666954,2.3941612,2.5839002,2.5563018,2.4355588,2.2872174,2.4631572,2.4804062,2.4390086,2.190623,2.4873058,2.5080046,2.2872174,2.276868,2.2389202,2.1768238,2.3493138,2.2285708,2.3907114,2.3493138,2.225121,2.3079162,2.0802294,2.0905788
Asparagus,Fresh,2.9531,95.3,2.9531,3.5496262,2.9560531,2.8143043,2.6518838,2.6725555,2.5751032,2.1941533,2.4126827,2.2384498,2.4156358,2.5308067,2.3742924,2.2089188,2.273887,2.1734816,2.4540261,2.3949641,2.3595269,2.2089188,2.2591215,2.1971064,2.2089188,2.0996541,2.2945587,2.1528099,2.2827463,2.0494514,2.2118719,2.1882471,2.0848886,1.9579053,2.1085134,2.1232789,2.0878417,1.8752185,2.1291851,2.1469037,1.9579053,1.949046,1.9165619,1.8634061,2.0110611,1.9077026,2.0464983,2.0110611,1.9047495,1.9756239,1.7807193,1.7895786
Asparagus,Canned,3.4328,89.8,3.4328,4.1262256,3.4362328,3.2714584,3.0826544,3.106684,2.9934016,2.5505704,2.8045976,2.6020624,2.8080304,2.9419096,2.7599712,2.5677344,2.643256,2.5265408,2.8526568,2.7840008,2.7428072,2.5677344,2.626092,2.5540032,2.5677344,2.4407208,2.6672856,2.5025112,2.6535544,2.3823632,2.5711672,2.5437048,2.4235568,2.2759464,2.4510192,2.4681832,2.4269896,2.179828,2.4750488,2.4956456,2.2759464,2.265648,2.2278872,2.1660968,2.3377368,2.2175888,2.3789304,2.3377368,2.214156,2.2965432,2.0699784,2.0802768
Asparagus,Frozen,6.8212,90.5,6.8212,8.1990824,6.8280212,6.5006036,6.1254376,6.173186,5.9480864,5.0681516,5.5729204,5.1704696,5.5797416,5.8457684,5.4842448,5.1022576,5.252324,5.0204032,5.6684172,5.5319932,5.4501388,5.1022576,5.218218,5.0749728,5.1022576,4.8498732,5.3000724,4.9726548,5.2727876,4.7339128,5.1090788,5.0545092,4.8157672,4.5224556,4.8703368,4.9044428,4.8225884,4.331462,4.9180852,4.9590124,4.5224556,4.501992,4.4269588,4.3041772,4.6452372,4.4064952,4.7270916,4.6452372,4.399674,4.5633828,4.1131836,4.1336472
Avocados,Fresh,2.6737,87.2,2.6737,3.2137874,2.6763737,2.5480361,2.4009826,2.4196985,2.3314664,1.9865591,2.1844129,2.0266646,2.1870866,2.2913609,2.1496548,1.9999276,2.058749,1.9678432,2.2218447,2.1683707,2.1362863,1.9999276,2.0453805,1.9892328,1.9999276,1.9010007,2.0774649,1.9491273,2.0667701,1.8555478,2.0026013,1.9812117,1.8876322,1.7726631,1.9090218,1.9223903,1.8903059,1.6977995,1.9277377,1.9437799,1.7726631,1.764642,1.7352313,1.6871047,1.8207897,1.7272102,1.8528741,1.8207897,1.7245365,1.7887053,1.6122411,1.6202622
Beets,Canned,1.1431,74.3,1.1431,1.3740062,1.1442431,1.0893743,1.0265038,1.0345055,0.9967832,0.8493233,0.9339127,0.8664698,0.9350558,0.9796367,0.9190524,0.8550388,0.880187,0.8413216,0.9499161,0.9270541,0.9133369,0.8550388,0.8744715,0.8504664,0.8550388,0.8127441,0.8881887,0.8333199,0.8836163,0.7933114,0.8561819,0.8470371,0.8070286,0.7578753,0.8161734,0.8218889,0.8081717,0.7258685,0.8241751,0.8310337,0.7578753,0.754446,0.7418719,0.7212961,0.7784511,0.7384426,0.7921683,0.7784511,0.7372995,0.7647339,0.6892893,0.6927186
Black beans,Canned,1.2387,81.7,1.2387,1.4889174,1.2399387,1.1804811,1.1123526,1.1210235,1.0801464,0.9203541,1.0120179,0.9389346,1.0132566,1.0615659,0.9959148,0.9265476,0.953799,0.9116832,1.0293597,1.0045857,0.9897213,0.9265476,0.9476055,0.9215928,0.9265476,0.8807157,0.9624699,0.9030123,0.9575151,0.8596578,0.9277863,0.9178767,0.8745222,0.8212581,0.8844318,0.8906253,0.8757609,0.7865745,0.8931027,0.9005349,0.8212581,0.817542,0.8039163,0.7816197,0.8435547,0.8002002,0.8584191,0.8435547,0.7989615,0.8286903,0.7469361,0.7506522
Black beans,Dried,1.525,75.8,1.525,1.83305,1.526525,1.453325,1.36945,1.380125,1.3298,1.133075,1.245925,1.15595,1.24745,1.306925,1.2261,1.1407,1.17425,1.1224,1.267275,1.236775,1.218475,1.1407,1.166625,1.1346,1.1407,1.084275,1.184925,1.111725,1.178825,1.05835,1.142225,1.130025,1.07665,1.011075,1.08885,1.096475,1.078175,0.968375,1.099525,1.108675,1.011075,1.0065,0.989725,0.962275,1.038525,0.98515,1.056825,1.038525,0.983625,1.020225,0.919575,0.92415
Blackeye peas,Canned,1.3164,81.8,1.3164,1.5823128,1.3177164,1.2545292,1.1821272,1.191342,1.1479008,0.9780852,1.0754988,0.9978312,1.0768152,1.1281548,1.0583856,0.9846672,1.013628,0.9688704,1.0939284,1.0676004,1.0518036,0.9846672,1.007046,0.9794016,0.9846672,0.9359604,1.0228428,0.9596556,1.0175772,0.9135816,0.9859836,0.9754524,0.9293784,0.8727732,0.9399096,0.9464916,0.9306948,0.835914,0.9491244,0.9570228,0.8727732,0.868824,0.8543436,0.8306484,0.8964684,0.8503944,0.9122652,0.8964684,0.849078,0.8806716,0.7937892,0.7977384
Blackeye peas,Dried,1.9265,85.7,1.9265,2.315653,1.9284265,1.8359545,1.729997,1.7434825,1.679908,1.4313895,1.5739505,1.460287,1.575877,1.6510105,1.548906,1.441022,1.483405,1.417904,1.6009215,1.5623915,1.5392735,1.441022,1.4737725,1.433316,1.441022,1.3697415,1.4968905,1.4044185,1.4891845,1.336991,1.4429485,1.4275365,1.360109,1.2772695,1.375521,1.3851535,1.3620355,1.2233275,1.3890065,1.4005655,1.2772695,1.27149,1.2502985,1.2156215,1.3119465,1.244519,1.3350645,1.3119465,1.2425925,1.2888285,1.1616795,1.167459
Broccoli florets,Fresh,2.9162,80.4,2.9162,3.5052724,2.9191162,2.7791386,2.6187476,2.639161,2.5429264,2.1667366,2.3825354,2.2104796,2.3854516,2.4991834,2.3446248,2.1813176,2.245474,2.1463232,2.4233622,2.3650382,2.3300438,2.1813176,2.230893,2.1696528,2.1813176,2.0734182,2.2658874,2.1259098,2.2542226,2.0238428,2.1842338,2.1609042,2.0588372,1.9334406,2.0821668,2.0967478,2.0617534,1.851787,2.1025802,2.1200774,1.9334406,1.924692,1.8926138,1.8401222,1.9859322,1.8838652,2.0209266,1.9859322,1.880949,1.9509378,1.7584686,1.7672172
Broccoli heads,Fresh,3.082,74.8,3.082,3.704564,3.085082,2.937146,2.767636,2.78921,2.687504,2.289926,2.517994,2.336156,2.521076,2.641274,2.477928,2.305336,2.37314,2.268352,2.561142,2.499502,2.462518,2.305336,2.35773,2.293008,2.305336,2.191302,2.394714,2.246778,2.382386,2.138908,2.308418,2.283762,2.175892,2.043366,2.200548,2.215958,2.178974,1.95707,2.222122,2.240614,2.043366,2.03412,2.000218,1.944742,2.098842,1.990972,2.135826,2.098842,1.98789,2.061858,1.858446,1.867692
Broccoli,Frozen,2.3458,77,2.3458,2.8196516,2.3481458,2.2355474,2.1065284,2.122949,2.0455376,1.7429294,1.9165186,1.7781164,1.9188644,2.0103506,1.8860232,1.7546584,1.806266,1.7265088,1.9493598,1.9024438,1.8742942,1.7546584,1.794537,1.7452752,1.7546584,1.6678638,1.8226866,1.7100882,1.8133034,1.6279852,1.7570042,1.7382378,1.6561348,1.5552654,1.6749012,1.6866302,1.6584806,1.489583,1.6913218,1.7053966,1.5552654,1.548228,1.5224242,1.4801998,1.5974898,1.5153868,1.6256394,1.5974898,1.513041,1.5693402,1.4145174,1.4215548
Brussels sprouts,Fresh,2.9139,73.6,2.9139,3.5025078,2.9168139,2.7769467,2.6166822,2.6370795,2.5409208,2.1650277,2.3806563,2.2087362,2.3835702,2.4972123,2.3427756,2.1795972,2.243703,2.1446304,2.4214509,2.3631729,2.3282061,2.1795972,2.2291335,2.1679416,2.1795972,2.0717829,2.2641003,2.1242331,2.2524447,2.0222466,2.1825111,2.1591999,2.0572134,1.9319157,2.0805246,2.0950941,2.0601273,1.8503265,2.1009219,2.1184053,1.9319157,1.923174,1.8911211,1.8386709,1.9843659,1.8823794,2.0193327,1.9843659,1.8794655,1.9493991,1.7570817,1.7658234
Brussels sprouts,Frozen,2.5949,83.1,2.5949,3.1190698,2.5974949,2.4729397,2.3302202,2.3483845,2.2627528,1.9280107,2.1200333,1.9669342,2.1226282,2.2238293,2.0862996,1.9409852,1.998073,1.9098464,2.1563619,2.1044639,2.0733251,1.9409852,1.9850985,1.9306056,1.9409852,1.8449739,2.0162373,1.8916821,2.0058577,1.8008606,1.9435801,1.9228209,1.8319994,1.7204187,1.8527586,1.8657331,1.8345943,1.6477615,1.8709229,1.8864923,1.7204187,1.712634,1.6840901,1.6373819,1.7671269,1.6763054,1.7982657,1.7671269,1.6737105,1.7359881,1.5647247,1.5725094
Butternut squash,Fresh,1.2691,81.1,1.2691,1.5254582,1.2703691,1.2094523,1.1396518,1.1485355,1.1066552,0.9429413,1.0368547,0.9619778,1.0381238,1.0876187,1.0203564,0.9492868,0.977207,0.9340576,1.0546221,1.0292401,1.0140109,0.9492868,0.9708615,0.9442104,0.9492868,0.9023301,0.9860907,0.9251739,0.9810143,0.8807554,0.9505559,0.9404031,0.8959846,0.8414133,0.9061374,0.9124829,0.8972537,0.8058785,0.9150211,0.9226357,0.8414133,0.837606,0.8236459,0.8008021,0.8642571,0.8198386,0.8794863,0.8642571,0.8185695,0.8490279,0.7652673,0.7690746
"Cabbage, green",Fresh,0.797,79.9,0.797,0.957994,0.797797,0.759541,0.715706,0.721285,0.694984,0.592171,0.651149,0.604126,0.651946,0.683029,0.640788,0.596156,0.61369,0.586592,0.662307,0.646367,0.636803,0.596156,0.609705,0.592968,0.596156,0.566667,0.619269,0.581013,0.616081,0.553118,0.596953,0.590577,0.562682,0.528411,0.569058,0.573043,0.563479,0.506095,0.574637,0.579419,0.528411,0.52602,0.517253,0.502907,0.542757,0.514862,0.552321,0.542757,0.514065,0.533193,0.480591,0.482982
"Cabbage, red",Fresh,1.2604,74.8,1.2604,1.5150008,1.2616604,1.2011612,1.1318392,1.140662,1.0990688,0.9364772,1.0297468,0.9553832,1.0310072,1.0801628,1.0133616,0.9427792,0.970508,0.9276544,1.0473924,1.0221844,1.0070596,0.9427792,0.964206,0.9377376,0.9427792,0.8961444,0.9793308,0.9188316,0.9742892,0.8747176,0.9440396,0.9339564,0.8898424,0.8356452,0.8999256,0.9062276,0.8911028,0.800354,0.9087484,0.9163108,0.8356452,0.831864,0.8179996,0.7953124,0.8583324,0.8142184,0.8734572,0.8583324,0.812958,0.8432076,0.7600212,0.7638024
"Cabbage, sauerkraut",Canned,1.478,76.5,1.478,1.776556,1.479478,1.408534,1.327244,1.33759,1.288816,1.098154,1.207526,1.120324,1.209004,1.266646,1.188312,1.105544,1.13806,1.087808,1.228218,1.198658,1.180922,1.105544,1.13067,1.099632,1.105544,1.050858,1.148406,1.077462,1.142494,1.025732,1.107022,1.095198,1.043468,0.979914,1.055292,1.062682,1.044946,0.93853,1.065638,1.074506,0.979914,0.97548,0.959222,0.932618,1.006518,0.954788,1.024254,1.006518,0.95331,0.988782,0.891234,0.895668
"Carrots, cooked whole",Fresh,0.9761,74.4,0.9761,1.1732722,0.9770761,0.9302233,0.8765378,0.8833705,0.8511592,0.7252423,0.7974737,0.7398838,0.7984498,0.8365177,0.7847844,0.7301228,0.751597,0.7184096,0.8111391,0.7916171,0.7799039,0.7301228,0.7467165,0.7262184,0.7301228,0.6940071,0.7584297,0.7115769,0.7545253,0.6774134,0.7310989,0.7232901,0.6891266,0.6471543,0.6969354,0.7018159,0.6901027,0.6198235,0.7037681,0.7096247,0.6471543,0.644226,0.6334889,0.6159191,0.6647241,0.6305606,0.6764373,0.6647241,0.6295845,0.6530109,0.5885883,0.5915166
"Carrots, raw whole",Fresh,0.9761,74.8,0.9761,1.1732722,0.9770761,0.9302233,0.8765378,0.8833705,0.8511592,0.7252423,0.7974737,0.7398838,0.7984498,0.8365177,0.7847844,0.7301228,0.751597,0.7184096,0.8111391,0.7916171,0.7799039,0.7301228,0.7467165,0.7262184,0.7301228,0.6940071,0.7584297,0.7115769,0.7545253,0.6774134,0.7310989,0.7232901,0.6891266,0.6471543,0.6969354,0.7018159,0.6901027,0.6198235,0.7037681,0.7096247,0.6471543,0.644226,0.6334889,0.6159191,0.6647241,0.6305606,0.6764373,0.6647241,0.6295845,0.6530109,0.5885883,0.5915166
"Carrots, baby",Fresh,1.3507,71.1,1.3507,1.6235414,1.3520507,1.2872171,1.2129286,1.2223835,1.1778104,1.0035701,1.1035219,1.0238306,1.1048726,1.1575499,1.0859628,1.0103236,1.040039,0.9941152,1.1224317,1.0954177,1.0792093,1.0103236,1.0332855,1.0049208,1.0103236,0.9603477,1.0494939,0.9846603,1.0440911,0.9373858,1.0116743,1.0008687,0.9535942,0.8955141,0.9643998,0.9711533,0.9549449,0.8576945,0.9738547,0.9819589,0.8955141,0.891462,0.8766043,0.8522917,0.9198267,0.8725522,0.9360351,0.9198267,0.8712015,0.9036183,0.8144721,0.8185242
Carrots,Canned,1.1979,77.7,1.1979,1.4398758,1.1990979,1.1415987,1.0757142,1.0840995,1.0445688,0.8900397,0.9786843,0.9080082,0.9798822,1.0266003,0.9631116,0.8960292,0.922383,0.8816544,0.9954549,0.9714969,0.9571221,0.8960292,0.9163935,0.8912376,0.8960292,0.8517069,0.9307683,0.8732691,0.9259767,0.8313426,0.8972271,0.8876439,0.8457174,0.7942077,0.8553006,0.8612901,0.8469153,0.7606665,0.8636859,0.8708733,0.7942077,0.790614,0.7774371,0.7558749,0.8157699,0.7738434,0.8301447,0.8157699,0.7726455,0.8013951,0.7223337,0.7259274
Carrots,Frozen,1.7277,72.9,1.7277,2.0766954,1.7294277,1.6464981,1.5514746,1.5635685,1.5065544,1.2836811,1.4115309,1.3095966,1.4132586,1.4806389,1.3890708,1.2923196,1.330329,1.2715872,1.4357187,1.4011647,1.3804323,1.2923196,1.3216905,1.2854088,1.2923196,1.2283947,1.3424229,1.2594933,1.3355121,1.1990238,1.2940473,1.2802257,1.2197562,1.1454651,1.2335778,1.2422163,1.2214839,1.0970895,1.2456717,1.2560379,1.1454651,1.140282,1.1212773,1.0901787,1.1765637,1.1160942,1.1972961,1.1765637,1.1143665,1.1558313,1.0418031,1.0469862
Cauliflower florets,Fresh,3.8022,77.3,3.8022,4.5702444,3.8060022,3.6234966,3.4143756,3.440991,3.3155184,2.8250346,3.1063974,2.8820676,3.1101996,3.2584854,3.0569688,2.8440456,2.927694,2.7984192,3.1596282,3.0835842,3.0379578,2.8440456,2.908683,2.8288368,2.8440456,2.7033642,2.9543094,2.7718038,2.9391006,2.6387268,2.8478478,2.8174302,2.6843532,2.5208586,2.7147708,2.7337818,2.6881554,2.414397,2.7413862,2.7641994,2.5208586,2.509452,2.4676278,2.3991882,2.5892982,2.4562212,2.6349246,2.5892982,2.452419,2.5436718,2.2927266,2.3041332
Cauliflower heads,Fresh,2.1841,69.4,2.1841,2.6252882,2.1862841,2.0814473,1.9613218,1.9766105,1.9045352,1.6227863,1.7844097,1.6555478,1.7865938,1.8717737,1.7560164,1.6337068,1.681757,1.6074976,1.8149871,1.7713051,1.7450959,1.6337068,1.6708365,1.6249704,1.6337068,1.5528951,1.6970457,1.5922089,1.6883093,1.5157654,1.6358909,1.6184181,1.5419746,1.4480583,1.5594474,1.5703679,1.5441587,1.3869035,1.5747361,1.5878407,1.4480583,1.441506,1.4174809,1.3781671,1.4873721,1.4109286,1.5135813,1.4873721,1.4087445,1.4611629,1.3170123,1.3235646
Cauliflower,Frozen,2.3974,74.9,2.3974,2.8816748,2.3997974,2.2847222,2.1528652,2.169647,2.0905328,1.7812682,1.9586758,1.8172292,1.9610732,2.0545718,1.9275096,1.7932552,1.845998,1.7644864,1.9922394,1.9442914,1.9155226,1.7932552,1.834011,1.7836656,1.7932552,1.7045514,1.8627798,1.7477046,1.8531902,1.6637956,1.7956526,1.7764734,1.6925644,1.5894762,1.7117436,1.7237306,1.6949618,1.522349,1.7285254,1.7429098,1.5894762,1.582284,1.5559126,1.5127594,1.6326294,1.5487204,1.6613982,1.6326294,1.546323,1.6038606,1.4456322,1.4528244
"Celery, trimmed bunches",Fresh,1.1637,74.1,1.1637,1.3987674,1.1648637,1.1090061,1.0450026,1.0531485,1.0147464,0.8646291,0.9507429,0.8820846,0.9519066,0.9972909,0.9356148,0.8704476,0.896049,0.8564832,0.9670347,0.9437607,0.9297963,0.8704476,0.8902305,0.8657928,0.8704476,0.8273907,0.9041949,0.8483373,0.8995401,0.8076078,0.8716113,0.8623017,0.8215722,0.7715331,0.8308818,0.8367003,0.8227359,0.7389495,0.8390277,0.8460099,0.7715331,0.768042,0.7552413,0.7342947,0.7924797,0.7517502,0.8064441,0.7924797,0.7505865,0.7785153,0.7017111,0.7052022
Celery sticks,Fresh,2.4941,70.6,2.4941,2.9979082,2.4965941,2.3768773,2.2397018,2.2571605,2.1748552,1.8531163,2.0376797,1.8905278,2.0401738,2.1374437,2.0052564,1.8655868,1.920457,1.8356576,2.0725971,2.0227151,1.9927859,1.8655868,1.9079865,1.8556104,1.8655868,1.7733051,1.9379157,1.8181989,1.9279393,1.7309054,1.8680809,1.8481281,1.7608346,1.6535883,1.7807874,1.7932579,1.7633287,1.5837535,1.7982461,1.8132107,1.6535883,1.646106,1.6186709,1.5737771,1.6984821,1.6111886,1.7284113,1.6984821,1.6086945,1.6685529,1.5039423,1.5114246
Collard greens,Fresh,3.0881,66.3,3.0881,3.7118962,3.0911881,2.9429593,2.7731138,2.7947305,2.6928232,2.2944583,2.5229777,2.3407798,2.5260658,2.6465017,2.4828324,2.3098988,2.377837,2.2728416,2.5662111,2.5044491,2.4673919,2.3098988,2.3623965,2.2975464,2.3098988,2.1956391,2.3994537,2.2512249,2.3871013,2.1431414,2.3129869,2.2882821,2.1801986,2.0474103,2.2049034,2.2203439,2.1832867,1.9609435,2.2265201,2.2450487,2.0474103,2.038146,2.0041769,1.9485911,2.1029961,1.9949126,2.1400533,2.1029961,1.9918245,2.0659389,1.8621243,1.8713886
Collard greens,Canned,1.3315,71.4,1.3315,1.600463,1.3328315,1.2689195,1.195687,1.2050075,1.161068,0.9893045,1.0878355,1.009277,1.089167,1.1410955,1.070526,0.995962,1.025255,0.979984,1.1064765,1.0798465,1.0638685,0.995962,1.0185975,0.990636,0.995962,0.9466965,1.0345755,0.9706635,1.0292495,0.924061,0.9972935,0.9866415,0.940039,0.8827845,0.950691,0.9573485,0.9413705,0.8455025,0.9600115,0.9680005,0.8827845,0.87879,0.8641435,0.8401765,0.9067515,0.860149,0.9227295,0.9067515,0.8588175,0.8907735,0.8028945,0.806889
Collard greens,Frozen,2.3512,71.9,2.3512,2.8261424,2.3535512,2.2406936,2.1113776,2.127836,2.0502464,1.7469416,1.9209304,1.7822096,1.9232816,2.0149784,1.8903648,1.7586976,1.810424,1.7304832,1.9538472,1.9068232,1.8786088,1.7586976,1.798668,1.7492928,1.7586976,1.6717032,1.8268824,1.7140248,1.8174776,1.6317328,1.7610488,1.7422392,1.6599472,1.5588456,1.6787568,1.6905128,1.6622984,1.493012,1.6952152,1.7093224,1.5588456,1.551792,1.5259288,1.4836072,1.6011672,1.5188752,1.6293816,1.6011672,1.516524,1.5729528,1.4177736,1.4248272
Corn,Fresh,2.2281,70.7,2.2281,2.6781762,2.2303281,2.1233793,2.0008338,2.0164305,1.9429032,1.6554783,1.8203577,1.6888998,1.8225858,1.9094817,1.7913924,1.6666188,1.715637,1.6398816,1.8515511,1.8069891,1.7802519,1.6666188,1.7044965,1.6577064,1.6666188,1.5841791,1.7312337,1.6242849,1.7223213,1.5463014,1.6688469,1.6510221,1.5730386,1.4772303,1.5908634,1.6020039,1.5752667,1.4148435,1.6064601,1.6198287,1.4772303,1.470546,1.4460369,1.4059311,1.5173361,1.4393526,1.5440733,1.5173361,1.4371245,1.4905989,1.3435443,1.3502286
Corn,Canned,1.1543,63.5,1.1543,1.3874686,1.1554543,1.1000479,1.0365614,1.0446415,1.0065496,0.8576449,0.9430631,0.8749594,0.9442174,0.9892351,0.9280572,0.8634164,0.888811,0.8495648,0.9592233,0.9361373,0.9222857,0.8634164,0.8830395,0.8587992,0.8634164,0.8207073,0.8968911,0.8414847,0.8922739,0.8010842,0.8645707,0.8553363,0.8149358,0.7653009,0.8241702,0.8299417,0.8160901,0.7329805,0.8322503,0.8391761,0.7653009,0.761838,0.7491407,0.7283633,0.7860783,0.7456778,0.7999299,0.7860783,0.7445235,0.7722267,0.6960429,0.6995058
Corn,Frozen,1.6889,72.1,1.6889,2.0300578,1.6905889,1.6095217,1.5166322,1.5284545,1.4727208,1.2548527,1.3798313,1.2801862,1.3815202,1.4473873,1.3578756,1.2632972,1.300453,1.2430304,1.4034759,1.3696979,1.3494311,1.2632972,1.2920085,1.2565416,1.2632972,1.2008079,1.3122753,1.2312081,1.3055197,1.1720966,1.2649861,1.2514749,1.1923634,1.1197407,1.2058746,1.2143191,1.1940523,1.0724515,1.2176969,1.2278303,1.1197407,1.114674,1.0960961,1.0656959,1.1501409,1.0910294,1.1704077,1.1501409,1.0893405,1.1298741,1.0184067,1.0234734
Cucumbers with peel,Fresh,1.2473,72.7,1.2473,1.4992546,1.2485473,1.1886769,1.1200754,1.1288065,1.0876456,0.9267439,1.0190441,0.9454534,1.0202914,1.0689361,1.0028292,0.9329804,0.960421,0.9180128,1.0365063,1.0115603,0.9965927,0.9329804,0.9541845,0.9279912,0.9329804,0.8868303,0.9691521,0.9092817,0.9641629,0.8656262,0.9342277,0.9242493,0.8805938,0.8269599,0.8905722,0.8968087,0.8818411,0.7920355,0.8993033,0.9067871,0.8269599,0.823218,0.8094977,0.7870463,0.8494113,0.8057558,0.8643789,0.8494113,0.8045085,0.8344437,0.7521219,0.7558638
Cucumbers without peel,Fresh,1.2473,66.3,1.2473,1.4992546,1.2485473,1.1886769,1.1200754,1.1288065,1.0876456,0.9267439,1.0190441,0.9454534,1.0202914,1.0689361,1.0028292,0.9329804,0.960421,0.9180128,1.0365063,1.0115603,0.9965927,0.9329804,0.9541845,0.9279912,0.9329804,0.8868303,0.9691521,0.9092817,0.9641629,0.8656262,0.9342277,0.9242493,0.8805938,0.8269599,0.8905722,0.8968087,0.8818411,0.7920355,0.8993033,0.9067871,0.8269599,0.823218,0.8094977,0.7870463,0.8494113,0.8057558,0.8643789,0.8494113,0.8045085,0.8344437,0.7521219,0.7558638
Great northern beans,Canned,1.1583,66,1.1583,1.3922766,1.1594583,1.1038599,1.0401534,1.0482615,1.0100376,0.8606169,0.9463311,0.8779914,0.9474894,0.9926631,0.9312732,0.8664084,0.891891,0.8525088,0.9625473,0.9393813,0.9254817,0.8664084,0.8860995,0.8617752,0.8664084,0.8235513,0.8999991,0.8444007,0.8953659,0.8038602,0.8675667,0.8583003,0.8177598,0.7679529,0.8270262,0.8328177,0.8189181,0.7355205,0.8351343,0.8420841,0.7679529,0.764478,0.7517367,0.7308873,0.7888023,0.7482618,0.8027019,0.7888023,0.7471035,0.7749027,0.6984549,0.7019298
Great northern beans,Dried,1.7202,64.9,1.7202,2.0676804,1.7219202,1.6393506,1.5447396,1.556781,1.5000144,1.2781086,1.4054034,1.3039116,1.4071236,1.4742114,1.3830408,1.2867096,1.324554,1.2660672,1.4294862,1.3950822,1.3744398,1.2867096,1.315953,1.2798288,1.2867096,1.2230622,1.3365954,1.2540258,1.3297146,1.1938188,1.2884298,1.2746682,1.2144612,1.1404926,1.2282228,1.2368238,1.2161814,1.092327,1.2402642,1.2505854,1.1404926,1.135332,1.1164098,1.0854462,1.1714562,1.1112492,1.1920986,1.1714562,1.109529,1.1508138,1.0372806,1.0424412
Green beans,Fresh,2.6199,63.1,2.6199,3.1491198,2.6225199,2.4967647,2.3526702,2.3710095,2.2845528,1.9465857,2.1404583,1.9858842,2.1430782,2.2452543,2.1063996,1.9596852,2.017323,1.9282464,2.1771369,2.1247389,2.0933001,1.9596852,2.0042235,1.9492056,1.9596852,1.8627489,2.0356623,1.9099071,2.0251827,1.8182106,1.9623051,1.9413459,1.8496494,1.7369937,1.8706086,1.8837081,1.8522693,1.6636365,1.8889479,1.9046673,1.7369937,1.729134,1.7003151,1.6531569,1.7841519,1.6924554,1.8155907,1.7841519,1.6898355,1.7527131,1.5797997,1.5876594
Green beans,Canned,1.1291,68.1,1.1291,1.3571782,1.1302291,1.0760323,1.0139318,1.0218355,0.9845752,0.8389213,0.9224747,0.8558578,0.9236038,0.9676387,0.9077964,0.8445668,0.869407,0.8310176,0.9382821,0.9157001,0.9021509,0.8445668,0.8637615,0.8400504,0.8445668,0.8027901,0.8773107,0.8231139,0.8727943,0.7835954,0.8456959,0.8366631,0.7971446,0.7485933,0.8061774,0.8118229,0.7982737,0.7169785,0.8140811,0.8208557,0.7485933,0.745206,0.7327859,0.7124621,0.7689171,0.7293986,0.7824663,0.7689171,0.7282695,0.7553679,0.6808473,0.6842346
Green beans,Frozen,1.9983,64.6,1.9983,2.4019566,2.0002983,1.9043799,1.7944734,1.8084615,1.7425176,1.4847369,1.6326111,1.5147114,1.6346094,1.7125431,1.6066332,1.4947284,1.538691,1.4707488,1.6605873,1.6206213,1.5966417,1.4947284,1.5286995,1.4867352,1.4947284,1.4207913,1.5526791,1.4567607,1.5446859,1.3868202,1.4967267,1.4807403,1.4107998,1.3248729,1.4267862,1.4367777,1.4127981,1.2689205,1.4407743,1.4527641,1.3248729,1.318878,1.2968967,1.2609273,1.3608423,1.2909018,1.3848219,1.3608423,1.2889035,1.3368627,1.2049749,1.2109698
Green peas,Canned,1.3118,69.3,1.3118,1.5767836,1.3131118,1.2501454,1.1779964,1.187179,1.1438896,0.9746674,1.0717406,0.9943444,1.0730524,1.1242126,1.0546872,0.9812264,1.010086,0.9654848,1.0901058,1.0638698,1.0481282,0.9812264,1.003527,0.9759792,0.9812264,0.9326898,1.0192686,0.9563022,1.0140214,0.9103892,0.9825382,0.9720438,0.9261308,0.8697234,0.9366252,0.9431842,0.9274426,0.832993,0.9458078,0.9536786,0.8697234,0.865788,0.8513582,0.8277458,0.8933358,0.8474228,0.9090774,0.8933358,0.846111,0.8775942,0.7910154,0.7949508
Green peas,Frozen,1.996,68.1,1.996,2.399192,1.997996,1.902188,1.792408,1.80638,1.740512,1.483028,1.630732,1.512968,1.632728,1.710572,1.604784,1.493008,1.53692,1.469056,1.658676,1.618756,1.594804,1.493008,1.52694,1.485024,1.493008,1.419156,1.550892,1.455084,1.542908,1.385224,1.495004,1.479036,1.409176,1.323348,1.425144,1.435124,1.411172,1.26746,1.439116,1.451092,1.323348,1.31736,1.295404,1.259476,1.359276,1.289416,1.383228,1.359276,1.28742,1.335324,1.203588,1.209576
Green peppers,Fresh,1.4789,64.5,1.4789,1.7776378,1.4803789,1.4093917,1.3280522,1.3384045,1.2896008,1.0988227,1.2082613,1.1210062,1.2097402,1.2674173,1.1890356,1.1062172,1.138753,1.0884704,1.2289659,1.1993879,1.1816411,1.1062172,1.1313585,1.1003016,1.1062172,1.0514979,1.1491053,1.0781181,1.1431897,1.0263566,1.1076961,1.0958649,1.0441034,0.9805107,1.0559346,1.0633291,1.0455823,0.9391015,1.0662869,1.0751603,0.9805107,0.976074,0.9598061,0.9331859,1.0071309,0.9553694,1.0248777,1.0071309,0.9538905,0.9893841,0.8917767,0.8962134
Kale,Fresh,3.4338,66.9,3.4338,4.1274276,3.4372338,3.2724114,3.0835524,3.107589,2.9942736,2.5513134,2.8054146,2.6028204,2.8088484,2.9427666,2.7607752,2.5684824,2.644026,2.5272768,2.8534878,2.7848118,2.7436062,2.5684824,2.626857,2.5547472,2.5684824,2.4414318,2.6680626,2.5032402,2.6543274,2.3830572,2.5719162,2.5444458,2.4242628,2.2766094,2.4517332,2.4689022,2.4276966,2.180463,2.4757698,2.4963726,2.2766094,2.266308,2.2285362,2.1667278,2.3384178,2.2182348,2.3796234,2.3384178,2.214801,2.2972122,2.0705814,2.0808828
Kale,Frozen,2.2983,60.3,2.2983,2.7625566,2.3005983,2.1902799,2.0638734,2.0799615,2.0041176,1.7076369,1.8777111,1.7421114,1.8800094,1.9696431,1.8478332,1.7191284,1.769691,1.6915488,1.9098873,1.8639213,1.8363417,1.7191284,1.7581995,1.7099352,1.7191284,1.6340913,1.7857791,1.6754607,1.7765859,1.5950202,1.7214267,1.7030403,1.6225998,1.5237729,1.6409862,1.6524777,1.6248981,1.4594205,1.6570743,1.6708641,1.5237729,1.516878,1.4915967,1.4502273,1.5651423,1.4847018,1.5927219,1.5651423,1.4824035,1.5375627,1.3858749,1.3927698
Kidney beans,Canned,1.1208,60.6,1.1208,1.3472016,1.1219208,1.0681224,1.0064784,1.014324,0.9773376,0.8327544,0.9156936,0.8495664,0.9168144,0.9605256,0.9011232,0.8383584,0.863016,0.8249088,0.9313848,0.9089688,0.8955192,0.8383584,0.857412,0.8338752,0.8383584,0.7968888,0.8708616,0.8170632,0.8663784,0.7778352,0.8394792,0.8305128,0.7912848,0.7430904,0.8002512,0.8058552,0.7924056,0.711708,0.8080968,0.8148216,0.7430904,0.739728,0.7273992,0.7072248,0.7632648,0.7240368,0.7767144,0.7632648,0.722916,0.7498152,0.6758424,0.6792048
Kidney beans,Dried,1.9176,,1.9176,2.3049552,1.9195176,1.8274728,1.7220048,1.735428,1.6721472,1.4247768,1.5666792,1.4535408,1.5685968,1.6433832,1.5417504,1.4343648,1.476552,1.4113536,1.5935256,1.5551736,1.5321624,1.4343648,1.466964,1.4266944,1.4343648,1.3634136,1.4899752,1.3979304,1.4823048,1.3308144,1.4362824,1.4209416,1.3538256,1.2713688,1.3691664,1.3787544,1.3557432,1.217676,1.3825896,1.3940952,1.2713688,1.265616,1.2445224,1.2100056,1.3058856,1.2387696,1.3288968,1.3058856,1.236852,1.2828744,1.1563128,1.1620656
Lentils,Dried,1.839,,1.839,2.210478,1.840839,1.752567,1.651422,1.664295,1.603608,1.366377,1.502463,1.393962,1.504302,1.576023,1.478556,1.375572,1.41603,1.353504,1.528209,1.491429,1.469361,1.375572,1.406835,1.368216,1.375572,1.307529,1.428903,1.340631,1.421547,1.276266,1.377411,1.362699,1.298334,1.219257,1.313046,1.322241,1.300173,1.167765,1.325919,1.336953,1.219257,1.21374,1.193511,1.160409,1.252359,1.187994,1.274427,1.252359,1.186155,1.230291,1.108917,1.114434
"Lettuce, iceberg",Fresh,1.2512,,1.2512,1.5039424,1.2524512,1.1923936,1.1235776,1.132336,1.0910464,0.9296416,1.0222304,0.9484096,1.0234816,1.0722784,1.0059648,0.9358976,0.963424,0.9208832,1.0397472,1.0147232,0.9997088,0.9358976,0.957168,0.9308928,0.9358976,0.8896032,0.9721824,0.9121248,0.9671776,0.8683328,0.9371488,0.9271392,0.8833472,0.8295456,0.8933568,0.8996128,0.8845984,0.794512,0.9021152,0.9096224,0.8295456,0.825792,0.8120288,0.7895072,0.8520672,0.8082752,0.8670816,0.8520672,0.807024,0.8370528,0.7544736,0.7582272
"Lettuce, romaine, heads",Fresh,2.3074,,2.3074,2.7734948,2.3097074,2.1989522,2.0720452,2.088197,2.0120528,1.7143982,1.8851458,1.7490092,1.8874532,1.9774418,1.8551496,1.7259352,1.776698,1.6982464,1.9174494,1.8713014,1.8436126,1.7259352,1.765161,1.7167056,1.7259352,1.6405614,1.7928498,1.6820946,1.7836202,1.6013356,1.7282426,1.7097834,1.6290244,1.5298062,1.6474836,1.6590206,1.6313318,1.465199,1.6636354,1.6774798,1.5298062,1.522884,1.4975026,1.4559694,1.5713394,1.4905804,1.5990282,1.5713394,1.488273,1.5436506,1.3913622,1.3982844
"Lettuce, romaine, hearts",Fresh,3.2802,,3.2802,3.9428004,3.2834802,3.1260306,2.9456196,2.968581,2.8603344,2.4371886,2.6799234,2.4863916,2.6832036,2.8111314,2.6372808,2.4535896,2.525754,2.4142272,2.7258462,2.6602422,2.6208798,2.4535896,2.509353,2.4404688,2.4535896,2.3322222,2.5487154,2.3912658,2.5355946,2.2764588,2.4568698,2.4306282,2.3158212,2.1747726,2.3420628,2.3584638,2.3191014,2.082927,2.3650242,2.3847054,2.1747726,2.164932,2.1288498,2.0698062,2.2338162,2.1190092,2.2731786,2.2338162,2.115729,2.1944538,1.9779606,1.9878012
Lima beans,Canned,1.4785,,1.4785,1.777157,1.4799785,1.4090105,1.327693,1.3380425,1.289252,1.0985255,1.2079345,1.120703,1.209413,1.2670745,1.188714,1.105918,1.138445,1.088176,1.2286335,1.1990635,1.1813215,1.105918,1.1310525,1.100004,1.105918,1.0512135,1.1487945,1.0778265,1.1428805,1.026079,1.1073965,1.0955685,1.043821,0.9802455,1.055649,1.0630415,1.0452995,0.9388475,1.0659985,1.0748695,0.9802455,0.97581,0.9595465,0.9329335,1.0068585,0.955111,1.0246005,1.0068585,0.9536325,0.9891165,0.8915355,0.895971
Lima beans,Frozen,2.4401,,2.4401,2.9330002,2.4425401,2.3254153,2.1912098,2.2082905,2.1277672,1.8129943,1.9935617,1.8495958,1.9960018,2.0911657,1.9618404,1.8251948,1.878877,1.7959136,2.0277231,1.9789211,1.9496399,1.8251948,1.8666765,1.8154344,1.8251948,1.7349111,1.8959577,1.7788329,1.8861973,1.6934294,1.8276349,1.8081141,1.7227106,1.6177863,1.7422314,1.7544319,1.7251507,1.5494635,1.7593121,1.7739527,1.6177863,1.610466,1.5836249,1.5397031,1.6617081,1.5763046,1.6909893,1.6617081,1.5738645,1.6324269,1.4713803,1.4787006
Lima beans,Dried,2.3933,,2.3933,2.8767466,2.3956933,2.2808149,2.1491834,2.1659365,2.0869576,1.7782219,1.9553261,1.8141214,1.9577194,2.0510581,1.9242132,1.7901884,1.842841,1.7614688,1.9888323,1.9409663,1.9122467,1.7901884,1.8308745,1.7806152,1.7901884,1.7016363,1.8595941,1.7447157,1.8500209,1.6609502,1.7925817,1.7734353,1.6896698,1.5867579,1.7088162,1.7207827,1.6920631,1.5197455,1.7255693,1.7399291,1.5867579,1.579578,1.5532517,1.5101723,1.6298373,1.5460718,1.6585569,1.6298373,1.5436785,1.6011177,1.4431599,1.4503398
"Mixed vegetables, peas & carrots",Canned,1.4754,,1.4754,1.7734308,1.4768754,1.4060562,1.3249092,1.335237,1.2865488,1.0962222,1.2054018,1.1183532,1.2068772,1.2644178,1.1862216,1.1035992,1.136058,1.0858944,1.2260574,1.1965494,1.1788446,1.1035992,1.128681,1.0976976,1.1035992,1.0490094,1.1463858,1.0755666,1.1404842,1.0239276,1.1050746,1.0932714,1.0416324,0.9781902,1.0534356,1.0608126,1.0431078,0.936879,1.0637634,1.0726158,0.9781902,0.973764,0.9575346,0.9309774,1.0047474,0.9531084,1.0224522,1.0047474,0.951633,0.9870426,0.8896662,0.8940924
"Mixed vegetables, peas & carrots",Frozen,1.8433,,1.8433,2.2156466,1.8451433,1.7566649,1.6552834,1.6681865,1.6073576,1.3695719,1.5059761,1.3972214,1.5078194,1.5797081,1.4820132,1.3787884,1.419341,1.3566688,1.5317823,1.4949163,1.4727967,1.3787884,1.4101245,1.3714152,1.3787884,1.3105863,1.4322441,1.3437657,1.4248709,1.2792502,1.3806317,1.3658853,1.3013698,1.2221079,1.3161162,1.3253327,1.3032131,1.1704955,1.3290193,1.3400791,1.2221079,1.216578,1.1963017,1.1631223,1.2552873,1.1907718,1.2774069,1.2552873,1.1889285,1.2331677,1.1115099,1.1170398
"Mixed vegetables, carrots, peas, corn, green beans",Frozen,1.7859,,1.7859,2.1466518,1.7876859,1.7019627,1.6037382,1.6162395,1.5573048,1.3269237,1.4590803,1.3537122,1.4608662,1.5305163,1.4358636,1.3358532,1.375143,1.3144224,1.4840829,1.4483649,1.4269341,1.3358532,1.3662135,1.3287096,1.3358532,1.2697749,1.3876443,1.3019211,1.3805007,1.2394146,1.3376391,1.3233519,1.2608454,1.1840517,1.2751326,1.2840621,1.2626313,1.1340465,1.2876339,1.2983493,1.1840517,1.178694,1.1590491,1.1269029,1.2161979,1.1536914,1.2376287,1.2161979,1.1519055,1.1947671,1.0768977,1.0822554
"Mixed vegetables, broccoli, cauliflower, carrots",Frozen,2.1538,,2.1538,2.5888676,2.1559538,2.0525714,1.9341124,1.949189,1.8781136,1.6002734,1.7596546,1.6325804,1.7618084,1.8458066,1.7316552,1.6110424,1.658426,1.5851968,1.7898078,1.7467318,1.7208862,1.6110424,1.647657,1.6024272,1.6110424,1.5313518,1.6735026,1.5701202,1.6648874,1.4947372,1.6131962,1.5959658,1.5205828,1.4279694,1.5378132,1.5485822,1.5227366,1.367663,1.5528898,1.5658126,1.4279694,1.421508,1.3978162,1.3590478,1.4667378,1.3913548,1.4925834,1.4667378,1.389201,1.4408922,1.2987414,1.3052028
"Mushrooms, whole",Fresh,3.8929,,3.8929,4.6792658,3.8967929,3.7099337,3.4958242,3.5230745,3.3946088,2.8924247,3.1804993,2.9508182,3.1843922,3.3362153,3.1298916,2.9118892,2.997533,2.8651744,3.2349999,3.1571419,3.1104271,2.9118892,2.9780685,2.8963176,2.9118892,2.7678519,3.0247833,2.8379241,3.0092117,2.7016726,2.9157821,2.8846389,2.7483874,2.5809927,2.7795306,2.7989951,2.7522803,2.4719915,2.8067809,2.8301383,2.5809927,2.569314,2.5264921,2.4564199,2.6510649,2.5148134,2.6977797,2.6510649,2.5109205,2.6043501,2.3474187,2.3590974
"Mushrooms, sliced",Fresh,3.9224,,3.9224,4.7147248,3.9263224,3.7380472,3.5223152,3.549772,3.4203328,2.9143432,3.2046008,2.9731792,3.2085232,3.3614968,3.1536096,2.9339552,3.020248,2.8868864,3.2595144,3.1810664,3.1339976,2.9339552,3.000636,2.9182656,2.9339552,2.7888264,3.0477048,2.8594296,3.0320152,2.7221456,2.9378776,2.9064984,2.7692144,2.6005512,2.8005936,2.8202056,2.7731368,2.490724,2.8280504,2.8515848,2.6005512,2.588784,2.5456376,2.4750344,2.6711544,2.5338704,2.7182232,2.6711544,2.529948,2.6240856,2.3652072,2.3769744
Mustard greens,Canned,1.3367,,1.3367,1.6067134,1.3380367,1.2738751,1.2003566,1.2097135,1.1656024,0.9931681,1.0920839,1.0132186,1.0934206,1.1455519,1.0747068,0.9998516,1.029259,0.9838112,1.1107977,1.0840637,1.0680233,0.9998516,1.0225755,0.9945048,0.9998516,0.9503937,1.0386159,0.9744543,1.0332691,0.9276698,1.0011883,0.9904947,0.9437102,0.8862321,0.9544038,0.9610873,0.9450469,0.8488045,0.9637607,0.9717809,0.8862321,0.882222,0.8675183,0.8434577,0.9102927,0.8635082,0.9263331,0.9102927,0.8621715,0.8942523,0.8060301,0.8100402
Mustard greens,Frozen,2.4324,,2.4324,2.9237448,2.4348324,2.3180772,2.1842952,2.201322,2.1210528,1.8072732,1.9872708,1.8437592,1.9897032,2.0845668,1.9556496,1.8194352,1.872948,1.7902464,2.0213244,1.9726764,1.9434876,1.8194352,1.860786,1.8097056,1.8194352,1.7294364,1.8899748,1.7732196,1.8802452,1.6880856,1.8218676,1.8024084,1.7172744,1.6126812,1.7367336,1.7488956,1.7197068,1.544574,1.7537604,1.7683548,1.6126812,1.605384,1.5786276,1.5348444,1.6564644,1.5713304,1.6856532,1.6564644,1.568898,1.6272756,1.4667372,1.4740344
Navy beans,Canned,1.2738,,1.2738,1.5311076,1.2750738,1.2139314,1.1438724,1.152789,1.1107536,0.9464334,1.0406946,0.9655404,1.0419684,1.0916466,1.0241352,0.9528024,0.980826,0.9375168,1.0585278,1.0330518,1.0177662,0.9528024,0.974457,0.9477072,0.9528024,0.9056718,0.9897426,0.9286002,0.9846474,0.8840172,0.9540762,0.9438858,0.8993028,0.8445294,0.9094932,0.9158622,0.9005766,0.808863,0.9184098,0.9260526,0.8445294,0.840708,0.8266962,0.8037678,0.8674578,0.8228748,0.8827434,0.8674578,0.821601,0.8521722,0.7681014,0.7719228
Navy beans,Dried,1.6073,,1.6073,1.9319746,1.6089073,1.5317569,1.4433554,1.4546065,1.4015656,1.1942239,1.3131641,1.2183334,1.3147714,1.3774561,1.2922692,1.2022604,1.237621,1.1829728,1.3356663,1.3035203,1.2842327,1.2022604,1.2295845,1.1958312,1.2022604,1.1427903,1.2488721,1.1717217,1.2424429,1.1154662,1.2038677,1.1910093,1.1347538,1.0656399,1.1476122,1.1556487,1.1363611,1.0206355,1.1588633,1.1685071,1.0656399,1.060818,1.0431377,1.0142063,1.0945713,1.0383158,1.1138589,1.0945713,1.0367085,1.0752837,0.9692019,0.9740238
Okra,Fresh,5.1567,,5.1567,6.1983534,5.1618567,4.9143351,4.6307166,4.6668135,4.4966424,3.8314281,4.2130239,3.9087786,4.2181806,4.4192919,4.1459868,3.8572116,3.970659,3.7953312,4.2852177,4.1820837,4.1202033,3.8572116,3.9448755,3.8365848,3.8572116,3.6664137,4.0067559,3.7592343,3.9861291,3.5787498,3.8623683,3.8211147,3.6406302,3.4188921,3.6818838,3.7076673,3.6457869,3.2745045,3.7179807,3.7489209,3.4188921,3.403422,3.3466983,3.2538777,3.5117127,3.3312282,3.5735931,3.5117127,3.3260715,3.4498323,3.1094901,3.1249602
Okra,Frozen,2.2528,,2.2528,2.7078656,2.2550528,2.1469184,2.0230144,2.038784,1.9644416,1.6738304,1.8405376,1.7076224,1.8427904,1.9306496,1.8112512,1.6850944,1.734656,1.6580608,1.8720768,1.8270208,1.7999872,1.6850944,1.723392,1.6760832,1.6850944,1.6017408,1.7504256,1.6422912,1.7414144,1.5634432,1.6873472,1.6693248,1.5904768,1.4936064,1.6084992,1.6197632,1.5927296,1.430528,1.6242688,1.6377856,1.4936064,1.486848,1.4620672,1.4215168,1.5341568,1.4553088,1.5611904,1.5341568,1.453056,1.5071232,1.3584384,1.3651968
Olives,Canned,5.3496,,5.3496,6.4302192,5.3549496,5.0981688,4.8039408,4.841388,4.6648512,3.9747528,4.3706232,4.0549968,4.3759728,4.5846072,4.3010784,4.0015008,4.119192,3.9373056,4.4455176,4.3385256,4.2743304,4.0015008,4.092444,3.9801024,4.0015008,3.8035656,4.1566392,3.8998584,4.1352408,3.7126224,4.0068504,3.9640536,3.7768176,3.5467848,3.8196144,3.8463624,3.7821672,3.396996,3.8570616,3.8891592,3.5467848,3.530736,3.4718904,3.3755976,3.6430776,3.4558416,3.7072728,3.6430776,3.450492,3.5788824,3.2258088,3.2418576
Onions,Fresh,1.1062,,1.1062,1.3296524,1.1073062,1.0542086,0.9933676,1.001111,0.9646064,0.8219066,0.9037654,0.8384996,0.9048716,0.9480134,0.8893848,0.8274376,0.851774,0.8141632,0.9192522,0.8971282,0.8838538,0.8274376,0.846243,0.8230128,0.8274376,0.7865082,0.8595174,0.8064198,0.8550926,0.7677028,0.8285438,0.8196942,0.7809772,0.7334106,0.7898268,0.7953578,0.7820834,0.702437,0.7975702,0.8042074,0.7334106,0.730092,0.7179238,0.6980122,0.7533222,0.7146052,0.7665966,0.7533222,0.713499,0.7400478,0.6670386,0.6703572
Pinto beans,Canned,1.1189,,1.1189,1.3449178,1.1200189,1.0663117,1.0047722,1.0126045,0.9756808,0.8313427,0.9141413,0.8481262,0.9152602,0.9588973,0.8995956,0.8369372,0.861553,0.8235104,0.9298059,0.9074279,0.8940011,0.8369372,0.8559585,0.8324616,0.8369372,0.7955379,0.8693853,0.8156781,0.8649097,0.7765166,0.8380561,0.8291049,0.7899434,0.7418307,0.7988946,0.8044891,0.7910623,0.7105015,0.8067269,0.8134403,0.7418307,0.738474,0.7261661,0.7060259,0.7619709,0.7228094,0.7753977,0.7619709,0.7216905,0.7485441,0.6746967,0.6780534
Pinto beans,Dried,1.4173,,1.4173,1.7035946,1.4187173,1.3506869,1.2727354,1.2826565,1.2358856,1.0530539,1.1579341,1.0743134,1.1593514,1.2146261,1.1395092,1.0601404,1.091321,1.0431328,1.1777763,1.1494303,1.1324227,1.0601404,1.0842345,1.0544712,1.0601404,1.0077003,1.1012421,1.0332117,1.0955729,0.9836062,1.0615577,1.0502193,1.0006138,0.9396699,1.0119522,1.0190387,1.0020311,0.8999855,1.0218733,1.0303771,0.9396699,0.935418,0.9198277,0.8943163,0.9651813,0.9155758,0.9821889,0.9651813,0.9141585,0.9481737,0.8546319,0.8588838
Potatoes,Fresh,0.8166,,0.8166,0.9815532,0.8174166,0.7782198,0.7333068,0.739023,0.7120752,0.6067338,0.6671622,0.6189828,0.6679788,0.6998262,0.6565464,0.6108168,0.628782,0.6010176,0.6785946,0.6622626,0.6524634,0.6108168,0.624699,0.6075504,0.6108168,0.5806026,0.6344982,0.5953014,0.6312318,0.5667204,0.6116334,0.6051006,0.5765196,0.5414058,0.5830524,0.5871354,0.5773362,0.518541,0.5887686,0.5936682,0.5414058,0.538956,0.5299734,0.5152746,0.5561046,0.5275236,0.5659038,0.5561046,0.526707,0.5463054,0.4924098,0.4948596
"Potatoes, french fries",Frozen,1.9018,,1.9018,2.2859636,1.9037018,1.8124154,1.7078164,1.721129,1.6583696,1.4130374,1.5537706,1.4415644,1.5556724,1.6298426,1.5290472,1.4225464,1.464386,1.3997248,1.5803958,1.5423598,1.5195382,1.4225464,1.454877,1.4149392,1.4225464,1.3521798,1.4776986,1.3864122,1.4700914,1.3198492,1.4244482,1.4092338,1.3426708,1.2608934,1.3578852,1.3673942,1.3445726,1.207643,1.3711978,1.3826086,1.2608934,1.255188,1.2342682,1.2000358,1.2951258,1.2285628,1.3179474,1.2951258,1.226661,1.2723042,1.1467854,1.1524908
Potatoes,Canned,1.0266,,1.0266,1.2339732,1.0276266,0.9783498,0.9218868,0.929073,0.8951952,0.7627638,0.8387322,0.7781628,0.8397588,0.8797962,0.8253864,0.7678968,0.790482,0.7555776,0.8531046,0.8325726,0.8202534,0.7678968,0.785349,0.7637904,0.7678968,0.7299126,0.7976682,0.7483914,0.7935618,0.7124604,0.7689234,0.7607106,0.7247796,0.6806358,0.7329924,0.7381254,0.7258062,0.651891,0.7401786,0.7463382,0.6806358,0.677556,0.6662634,0.6477846,0.6991146,0.6631836,0.7114338,0.6991146,0.662157,0.6867954,0.6190398,0.6221196
Pumpkin,Canned,1.8642,,1.8642,2.2407684,1.8660642,1.7765826,1.6740516,1.687101,1.6255824,1.3851006,1.5230514,1.4130636,1.5249156,1.5976194,1.4988168,1.3944216,1.435434,1.3720512,1.5491502,1.5118662,1.4894958,1.3944216,1.426113,1.3869648,1.3944216,1.3254462,1.4484834,1.3590018,1.4410266,1.2937548,1.3962858,1.3813722,1.3161252,1.2359646,1.3310388,1.3403598,1.3179894,1.183767,1.3440882,1.3552734,1.2359646,1.230372,1.2098658,1.1763102,1.2695202,1.2042732,1.2918906,1.2695202,1.202409,1.2471498,1.1241126,1.1297052
Radish,Fresh,1.8126,,1.8126,2.1787452,1.8144126,1.7274078,1.6277148,1.640403,1.5805872,1.3467618,1.4808942,1.3739508,1.4827068,1.5533982,1.4573304,1.3558248,1.395702,1.3340736,1.5062706,1.4700186,1.4482674,1.3558248,1.386639,1.3485744,1.3558248,1.2887586,1.4083902,1.3213854,1.4011398,1.2579444,1.3576374,1.3431366,1.2796956,1.2017538,1.2941964,1.3032594,1.2815082,1.151001,1.3068846,1.3177602,1.2017538,1.196316,1.1763774,1.1437506,1.2343806,1.1709396,1.2561318,1.2343806,1.169127,1.2126294,1.0929978,1.0984356
Red peppers,Fresh,1.8742,,1.8742,2.2527884,1.8760742,1.7861126,1.6830316,1.696151,1.6343024,1.3925306,1.5312214,1.4206436,1.5330956,1.6061894,1.5068568,1.4019016,1.443134,1.3794112,1.5574602,1.5199762,1.4974858,1.4019016,1.433763,1.3944048,1.4019016,1.3325562,1.4562534,1.3662918,1.4487566,1.3006948,1.4037758,1.3887822,1.3231852,1.2425946,1.3381788,1.3475498,1.3250594,1.190117,1.3512982,1.3625434,1.2425946,1.236972,1.2163558,1.1826202,1.2763302,1.2107332,1.2988206,1.2763302,1.208859,1.2538398,1.1301426,1.1357652
"Spinach, boiled",Fresh,4.1214,,4.1214,4.9539228,4.1255214,3.9276942,3.7010172,3.729867,3.5938608,3.0622002,3.3671838,3.1240212,3.3713052,3.5320398,3.3136056,3.0828072,3.173478,3.0333504,3.4248834,3.3424554,3.2929986,3.0828072,3.152871,3.0663216,3.0828072,2.9303154,3.2023278,3.0045006,3.1858422,2.8602516,3.0869286,3.0539574,2.9097084,2.7324882,2.9426796,2.9632866,2.9138298,2.617089,2.9715294,2.9962578,2.7324882,2.720124,2.6747886,2.6006034,2.8066734,2.6624244,2.8561302,2.8066734,2.658303,2.7572166,2.4852042,2.4975684
"Spinach, eaten raw",Fresh,4.1214,,4.1214,4.9539228,4.1255214,3.9276942,3.7010172,3.729867,3.5938608,3.0622002,3.3671838,3.1240212,3.3713052,3.5320398,3.3136056,3.0828072,3.173478,3.0333504,3.4248834,3.3424554,3.2929986,3.0828072,3.152871,3.0663216,3.0828072,2.9303154,3.2023278,3.0045006,3.1858422,2.8602516,3.0869286,3.0539574,2.9097084,2.7324882,2.9426796,2.9632866,2.9138298,2.617089,2.9715294,2.9962578,2.7324882,2.720124,2.6747886,2.6006034,2.8066734,2.6624244,2.8561302,2.8066734,2.658303,2.7572166,2.4852042,2.4975684
Spinach,Canned,1.5676,,1.5676,1.8842552,1.5691676,1.4939228,1.4077048,1.418678,1.3669472,1.1647268,1.2807292,1.1882408,1.2822968,1.3434332,1.2603504,1.1725648,1.207052,1.1537536,1.3026756,1.2713236,1.2525124,1.1725648,1.199214,1.1662944,1.1725648,1.1145636,1.2180252,1.1427804,1.2117548,1.0879144,1.1741324,1.1615916,1.1067256,1.0393188,1.1192664,1.1271044,1.1082932,0.995426,1.1302396,1.1396452,1.0393188,1.034616,1.0173724,0.9891556,1.0675356,1.0126696,1.0863468,1.0675356,1.011102,1.0487244,0.9452628,0.9499656
Spinach,Frozen,2.2796,,2.2796,2.7400792,2.2818796,2.1724588,2.0470808,2.063038,1.9878112,1.6937428,1.8624332,1.7279368,1.8647128,1.9536172,1.8327984,1.7051408,1.755292,1.6777856,1.8943476,1.8487556,1.8214004,1.7051408,1.743894,1.6960224,1.7051408,1.6207956,1.7712492,1.6618284,1.7621308,1.5820424,1.7074204,1.6891836,1.6093976,1.5113748,1.6276344,1.6390324,1.6116772,1.447546,1.6435916,1.6572692,1.5113748,1.504536,1.4794604,1.4384276,1.5524076,1.4726216,1.5797628,1.5524076,1.470342,1.5250524,1.3745988,1.3814376
Sweet potatoes,Fresh,1.1565,,1.1565,1.390113,1.1576565,1.1021445,1.038537,1.0466325,1.008468,0.8592795,0.9448605,0.876627,0.946017,0.9911205,0.929826,0.865062,0.890505,0.851184,0.9610515,0.9379215,0.9240435,0.865062,0.8847225,0.860436,0.865062,0.8222715,0.8986005,0.8430885,0.8939745,0.802611,0.8662185,0.8569665,0.816489,0.7667595,0.825741,0.8315235,0.8176455,0.7343775,0.8338365,0.8407755,0.7667595,0.76329,0.7505685,0.7297515,0.7875765,0.747099,0.8014545,0.7875765,0.7459425,0.7736985,0.6973695,0.700839
"Tomatoes, grape & cherry",Fresh,3.8729,,3.8729,4.6552258,3.8767729,3.6908737,3.4778642,3.5049745,3.3771688,2.8775647,3.1641593,2.9356582,3.1680322,3.3190753,3.1138116,2.8969292,2.982133,2.8504544,3.2183799,3.1409219,3.0944471,2.8969292,2.9627685,2.8814376,2.8969292,2.7536319,3.0092433,2.8233441,2.9937517,2.6877926,2.9008021,2.8698189,2.7342674,2.5677327,2.7652506,2.7846151,2.7381403,2.4592915,2.7923609,2.8155983,2.5677327,2.556114,2.5135121,2.4437999,2.6374449,2.5018934,2.6839197,2.6374449,2.4980205,2.5909701,2.3353587,2.3469774
"Tomatoes, roma & plum",Fresh,1.2453,,1.2453,1.4968506,1.2465453,1.1867709,1.1182794,1.1269965,1.0859016,0.9252579,1.0174101,0.9439374,1.0186554,1.0672221,1.0012212,0.9314844,0.958881,0.9165408,1.0348443,1.0099383,0.9949947,0.9314844,0.9526545,0.9265032,0.9314844,0.8854083,0.9675981,0.9078237,0.9626169,0.8642382,0.9327297,0.9227673,0.8791818,0.8256339,0.8891442,0.8953707,0.8804271,0.7907655,0.8978613,0.9053331,0.8256339,0.821898,0.8081997,0.7857843,0.8480493,0.8044638,0.8629929,0.8480493,0.8032185,0.8331057,0.7509159,0.7546518
"Tomatoes, large round",Fresh,2.1868,,2.1868,2.6285336,2.1889868,2.0840204,1.9637464,1.979054,1.9068896,1.6247924,1.7866156,1.6575944,1.7888024,1.8740876,1.7581872,1.6357264,1.683836,1.6094848,1.8172308,1.7734948,1.7472532,1.6357264,1.672902,1.6269792,1.6357264,1.5548148,1.6991436,1.5941772,1.6903964,1.5176392,1.6379132,1.6204188,1.5438808,1.4498484,1.5613752,1.5723092,1.5460676,1.388618,1.5766828,1.5898036,1.4498484,1.443288,1.4192332,1.3798708,1.4892108,1.4126728,1.5154524,1.4892108,1.410486,1.4629692,1.3186404,1.3252008
Tomatoes,Canned,1.0715,,1.0715,1.287943,1.0725715,1.0211395,0.962207,0.9697075,0.934348,0.7961245,0.8754155,0.812197,0.876487,0.9182755,0.861486,0.801482,0.825055,0.788624,0.8904165,0.8689865,0.8561285,0.801482,0.8196975,0.797196,0.801482,0.7618365,0.8325555,0.7811235,0.8282695,0.743621,0.8025535,0.7939815,0.756479,0.7104045,0.765051,0.7704085,0.7575505,0.6804025,0.7725515,0.7789805,0.7104045,0.70719,0.6954035,0.6761165,0.7296915,0.692189,0.7425495,0.7296915,0.6911175,0.7168335,0.6461145,0.649329
Turnip greens,Fresh,2.925,,2.925,3.51585,2.927925,2.787525,2.62665,2.647125,2.5506,2.173275,2.389725,2.21715,2.39265,2.506725,2.3517,2.1879,2.25225,2.1528,2.430675,2.372175,2.337075,2.1879,2.237625,2.1762,2.1879,2.079675,2.272725,2.132325,2.261025,2.02995,2.190825,2.167425,2.06505,1.939275,2.08845,2.103075,2.067975,1.857375,2.108925,2.126475,1.939275,1.9305,1.898325,1.845675,1.991925,1.88955,2.027025,1.991925,1.886625,1.956825,1.763775,1.77255
Turnip greens,Canned,1.3154,,1.3154,1.5811108,1.3167154,1.2535762,1.1812292,1.190437,1.1470288,0.9773422,1.0746818,0.9970732,1.0759972,1.1272978,1.0575816,0.9839192,1.012858,0.9681344,1.0930974,1.0667894,1.0510046,0.9839192,1.006281,0.9786576,0.9839192,0.9352494,1.0220658,0.9589266,1.0168042,0.9128876,0.9852346,0.9747114,0.9286724,0.8721102,0.9391956,0.9457726,0.9299878,0.835279,0.9484034,0.9562958,0.8721102,0.868164,0.8536946,0.8300174,0.8957874,0.8497484,0.9115722,0.8957874,0.848433,0.8800026,0.7931862,0.7971324
Turnip greens,Frozen,2.5169,,2.5169,3.0253138,2.5194169,2.3986057,2.2601762,2.2777945,2.1947368,1.8700567,2.0563073,1.9078102,2.0588242,2.1569833,2.0235876,1.8826412,1.938013,1.8524384,2.0915439,2.0412059,2.0110031,1.8826412,1.9254285,1.8725736,1.8826412,1.7895159,1.9556313,1.8348201,1.9455637,1.7467286,1.8851581,1.8650229,1.7769314,1.6687047,1.7970666,1.8096511,1.7794483,1.5982315,1.8146849,1.8297863,1.6687047,1.661154,1.6334681,1.5881639,1.7140089,1.6259174,1.7442117,1.7140089,1.6234005,1.6838061,1.5176907,1.5252414
Zucchini,Fresh,1.6359,,1.6359,1.9663518,1.6375359,1.5590127,1.4690382,1.4804895,1.4265048,1.2154737,1.3365303,1.2400122,1.3381662,1.4019663,1.3152636,1.2236532,1.259643,1.2040224,1.3594329,1.3267149,1.3070841,1.2236532,1.2514635,1.2171096,1.2236532,1.1631249,1.2710943,1.1925711,1.2645507,1.1353146,1.2252891,1.2122019,1.1549454,1.0846017,1.1680326,1.1762121,1.1565813,1.0387965,1.1794839,1.1892993,1.0846017,1.079694,1.0616991,1.0322529,1.1140479,1.0567914,1.1336787,1.1140479,1.0551555,1.0944171,0.9864477,0.9913554